id,trigger,conditions,script,text,options,notes
BribePay,DialogOptionSelected,$option == payBribe,"AddRemoveCommodity credits -$Bribe_value true
$entity.Bribed = true 30
MakeOtherFleetNonHostile $Bribe_Value true 30
AddText ""The connection is cut before you have a chance to respond.""
ShowDefaultVisual
$entity.ignorePlayerCommRequests = true 1
EndConversation",""Now get lost and don't ever cross me again"",cutCommLink:Cut the comm link,

greetingHegemonyHostileWeakerDefiantBribe,OpenCommLink,"$faction.id == hegemony
$entity.isHostile
$entity.relativeStrength < 0
$entity.weakerThanPlayerButHolding
BribeCheck score:5
!$Bribed",$entity.ignorePlayerCommRequests = true 1,"The Hegemony $personRank looks grim but defiant. ""We will fight you to the last,"" $heOrShe says.
OR
""We fight and we die for the Domain; for humanity."" The comm-line cuts out.","payBribe:Bribe the enemy $personRank for $Bribe_DGS credits
cutCommLink:Cut the comm link",
greetingHegemonyHostileStrongerBribe,OpenCommLink,"$faction.id == hegemony
$entity.isHostile
$entity.relativeStrength >= 0
BribeCheck score:5
!$Bribed",$entity.ignorePlayerCommRequests = true 1,"""By authority of the High Hegemon Administrator, you are ordered to take hyperspace drives offline, disable weapons and surrender. Over.""
OR
""Resistance to Hegemony authority is an act of insurrection and shall be punished accordingly. Surrender now or be met with force.""","payBribe:Bribe the enemy $personRank for $Bribe_DGS credits
cutCommLink:Cut the comm link",
greetingTTHostileWeakerDefiantBribe,OpenCommLink,"$faction.id == tritachyon
$entity.isHostile
$entity.relativeStrength < 0
$entity.weakerThanPlayerButHolding
BribeCheck score:5
!$Bribed",$entity.ignorePlayerCommRequests = true 1,"The Tri-Tachyon $personRank looks grim but defiant. ""Corporate regulation 313.33, section A, states that combat-capable vessels must defend themselves in a vigorous manner at all times,"" $heOrShe says.","payBribe:Bribe the enemy $personRank for $Bribe_DGS credits
cutCommLink:Cut the comm link",
greetingTTHostileStrongerBribe,OpenCommLink,"$faction.id == tritachyon
$entity.isHostile
$entity.relativeStrength >= 0
BribeCheck score:5
!$Bribed",$entity.ignorePlayerCommRequests = true 1,"""Attention. Your vessel has been scanned and identified as hostile to the Tri-Tachyon corporation. Prepare for annihilation.""
OR
""On behalf of the Tri-Tachyon corporation I would like to thank you for providing this opportunity to prove the superiority of our branded line of space defense products.""
OR
""On behalf of the Tri-Tachyon corporation it is my duty to inform you that this engagement will be recorded. As a presumed belligerent engaged in destruction of wholly owned Company property, you automatically refuse all rights to distribution and profit-sharing."" The Tri-Tachyon $personRank grins and cuts the comm-link.","payBribe:Bribe the enemy $personRank for $Bribe_DGS credits
cutCommLink:Cut the comm link",
greetingDiktatHostileWeakerDefiantBribe,OpenCommLink,"$faction.id == sindrian_diktat
$entity.isHostile
$entity.relativeStrength < 0
$entity.weakerThanPlayerButHolding
BribeCheck score:5
!$Bribed",$entity.ignorePlayerCommRequests = true 1,"The Diktat $personRank looks grim but defiant. ""We will fight you to the last,"" $heOrShe says, and cuts the transmission.
OR
""The great work will go on, with or without me."" $HisOrHer expression hardens. ""For the Lion!"" 

The comm blinks off.","payBribe:Bribe the enemy $personRank for $Bribe_DGS credits
cutCommLink:Cut the comm link",
greetingDiktatHostileStrongerBribe,OpenCommLink,"$faction.id == sindrian_diktat
$entity.isHostile
$entity.relativeStrength >= 0
BribeCheck score:5
!$Bribed",$entity.ignorePlayerCommRequests = true 1,"""By authority of the Sindrian Diktat, you are ordered to take drives offline, disable weapons, and surrender. Failure to execute will be considered an act of agression. Out.""

The Diktat $personRank's gloating face is replaced by a Diktat crest before the image fades.
OR
""There is no place for degenerate scum in our glorious future."" $PersonRank $personName turns aside and says ""Lieutenant, do try to avoid taking prisoners this time.""

The comm-line goes black.
OR
""We'll cleanse the Sector of your kind, and not even history will remember you.""
OR
The Diktat $personRank sneers, ""So are you a terrorist, a pirate, or a degenerate? No matter. If you're lucky, you'll die choking vacuum. If not, there's Cruor."" ","payBribe:Bribe the enemy $personRank for $Bribe_DGS credits
cutCommLink:Cut the comm link",
greetingLCHostileWeakerDefiantBribe,OpenCommLink,"$faction.id == luddic_church
$entity.isHostile
$entity.relativeStrength < 0
$entity.weakerThanPlayerButHolding
BribeCheck score:5
!$Bribed",$entity.ignorePlayerCommRequests = true 1,"""We follow the path of Ludd amidst persecution. Yea, the righteous will suffer the lash and our reward will be everlasting grace."" The Luddic $personRank seems to be talking not to you anymore, but perhaps to $hisOrHer god.
OR
""Are you so corrupted by the false machine gods? Choose wisely your course; there is still time for redemption.""","payBribe:Bribe the enemy $personRank for $Bribe_DGS credits
cutCommLink:Cut the comm link",
greetingLCHostileStrongerBribe,OpenCommLink,"$faction.id == luddic_church
$entity.isHostile
$entity.relativeStrength >= 0
BribeCheck score:5
!$Bribed",$entity.ignorePlayerCommRequests = true 1,"""Submit, repent, and your sinful technologies will be smashed; Resist, and only God's holy vacuum will show you mercy.""
OR
""Servant of the machine! Submit now, repent, and perhaps even you will find redemption. Otherwise the only mercy you shall find will be in God's holy vacuum.""","payBribe:Bribe the enemy $personRank for $Bribe_DGS credits
cutCommLink:Cut the comm link",
greetingPirateHostileWeakerDefiantBribe,OpenCommLink,"$faction.id == pirates
$entity.isHostile
$entity.relativeStrength < 0
$entity.weakerThanPlayerButHolding
BribeCheck score:5
!$Bribed",$entity.ignorePlayerCommRequests = true 1,"The pirate $personRank glares at you briefly before shutting down the comm link.
OR
$personName glares defiantly. ""You'll never take me alive!""
OR
""You fight like an algae-farmer! Less talk, more shoot.""","payBribe:Bribe the enemy $personRank for $Bribe_DGS credits
cutCommLink:Cut the comm link",
greetingPirateHostileStrongerBribe,OpenCommLink,"$faction.id == pirates
$entity.isHostile
$entity.relativeStrength >= 0
BribeCheck score:5
!$Bribed",$entity.ignorePlayerCommRequests = true 1,"""Attention, prey. You, and all your possessions are now my personal property. Any resisting ship will be disabled, boarded, your officers massacred, and your crew sold as slaves.""
OR
""Surrender yourself and your goods or you'll be taking a very long walk out the airlock once I've claimed your ship.""
OR
The pirate $personRank makes a rude gesture and laughs before cutting the transmission.
OR
""When you get to the next life, tell 'em it was $personName that sent you.""
OR
The open comms-line crackles; after a moment $personName speaks.

""Wait, someone actually answered this thing? Um. I'm not really sure what to say. Usually they just fight or run. So which is it?""
OR
""Just die already, you're boring me.""","payBribe:Bribe the enemy $personRank for $Bribe_DGS credits
cutCommLink:Cut the comm link",
greetingRogueMinerHostileWeakerDefiantBribe,OpenCommLink,"$faction.id == pirates
$entity.isHostile
$entity.relativeStrength < 0
$entity.weakerThanPlayerButHolding
$entity.rogueMiner == true
BribeCheck score:5
!$Bribed",$entity.ignorePlayerCommRequests = true 1,"The rogue miner $personRank makes a rude gesture over the vid-screen before killing the comm link.
OR
$personName glares defiantly and spits. ""Just another fool come to kill for your masters in their fancy uniforms.""","payBribe:Bribe the enemy $personRank for $Bribe_DGS credits
cutCommLink:Cut the comm link",
greetingRogueMinerHostileStrongerBribe,OpenCommLink,"$faction.id == pirates
$entity.isHostile
$entity.relativeStrength >= 0
$entity.rogueMiner == true
BribeCheck score:5
!$Bribed",$entity.ignorePlayerCommRequests = true 1,"""Did the Hegemony send you to do this errand for them? Come to collect a bill?""
OR
""They should have sent the real navy, not some grounder pissin' in their vac-suit.""","payBribe:Bribe the enemy $personRank for $Bribe_DGS credits
cutCommLink:Cut the comm link",
greetingindependentHostileWeakerDefiantBribe,OpenCommLink,"$faction.id == independent
$entity.isHostile
BribeCheck score:5
!$Bribed
$entity.relativeStrength < 0
$entity.weakerThanPlayerButHolding",$ignorePlayerCommRequests = true 1,"The enemy $personRank looks grim but defiant. ""We will fight you to the last,"" $heOrShe says.
OR
""Damn, we're in a tight spot."" $PersonRank $personName suddenly notices the line is open and shuts it off.","payBribe:Bribe the enemy $personRank for $Bribe_DGS credits
cutCommLink:Cut the comm link",
greetingindependentHostileStrongerBribe,OpenCommLink,"$faction.id == independent
$entity.isHostile
BribeCheck score:5
!$Bribed
$entity.relativeStrength >= 0",$ignorePlayerCommRequests = true 1,"""Surrender yourself and your goods or you'll be taking a very long walk out the airlock once I've claimed your ship.""",,
greetingpersean_leagueHostileWeakerDefiantBribe,OpenCommLink,"$faction.id == persean_league
$entity.isHostile
BribeCheck score:5
!$Bribed
$entity.relativeStrength < 0
$entity.weakerThanPlayerButHolding",$ignorePlayerCommRequests = true 1,"The enemy $personRank looks grim but defiant. ""We will fight you to the last,"" $heOrShe says.
OR
""Damn, we're in a tight spot."" $PersonRank $personName suddenly notices the line is open and shuts it off.","payBribe:Bribe the enemy $personRank for $Bribe_DGS credits
cutCommLink:Cut the comm link",
greetingpersean_leagueHostileStrongerBribe,OpenCommLink,"$faction.id == persean_league
$entity.isHostile
BribeCheck score:5
!$Bribed
$entity.relativeStrength >= 0",$ignorePlayerCommRequests = true 1,"""Surrender yourself and your goods or you'll be taking a very long walk out the airlock once I've claimed your ship.""",,